workload,version,run,frames,metric,value,unit
nebula_scenes,before,1,60,gpu_submit_drain,71.72,ms/frame
nebula_scenes,paired_exp,1,60,gpu_submit_drain,37.52,ms/frame
nebula_scenes,after,1,60,gpu_submit_drain,32.02,ms/frame
nebula_scenes,before,2,60,gpu_submit_drain,73.73,ms/frame
nebula_scenes,after,2,60,gpu_submit_drain,33.36,ms/frame
nebula_scenes,paired_exp,2,60,gpu_submit_drain,38.46,ms/frame
nebula_scenes,after,3,60,gpu_submit_drain,31.54,ms/frame
nebula_scenes,before,3,60,gpu_submit_drain,77.82,ms/frame
nebula_scenes,paired_exp,3,60,gpu_submit_drain,43.15,ms/frame
nebula_scenes,after,4,60,gpu_submit_drain,33.17,ms/frame
nebula_scenes,paired_exp,4,60,gpu_submit_drain,42.45,ms/frame
nebula_scenes,before,4,60,gpu_submit_drain,77.10,ms/frame
nebula_scenes,paired_exp,5,60,gpu_submit_drain,45.62,ms/frame
nebula_scenes,after,5,60,gpu_submit_drain,35.99,ms/frame
nebula_scenes,before,5,60,gpu_submit_drain,78.62,ms/frame
nebula_scenes,paired_exp,6,60,gpu_submit_drain,44.17,ms/frame
nebula_scenes,before,6,60,gpu_submit_drain,84.26,ms/frame
nebula_scenes,after,6,60,gpu_submit_drain,37.32,ms/frame
nebula_scenes,before,7,60,gpu_submit_drain,85.06,ms/frame
nebula_scenes,paired_exp,7,60,gpu_submit_drain,53.13,ms/frame
nebula_scenes,after,7,60,gpu_submit_drain,39.83,ms/frame
nebula_scenes,before,8,60,gpu_submit_drain,88.35,ms/frame
nebula_scenes,after,8,60,gpu_submit_drain,44.55,ms/frame
nebula_scenes,paired_exp,8,60,gpu_submit_drain,46.21,ms/frame
nebula_scenes,after,9,60,gpu_submit_drain,38.06,ms/frame
nebula_scenes,before,9,60,gpu_submit_drain,91.34,ms/frame
nebula_scenes,paired_exp,9,60,gpu_submit_drain,46.78,ms/frame
nebula_export,before,1,600,wall_time,48.89,s
nebula_export,before,1,600,user_cpu,143.50,s
nebula_export,before,1,600,system_cpu,8.02,s
nebula_export,before,1,600,max_rss,969965568,bytes
nebula_export,before,1,600,peak_footprint,1478428400,bytes
nebula_export,after,1,600,wall_time,39.31,s
nebula_export,after,1,600,user_cpu,154.49,s
nebula_export,after,1,600,system_cpu,8.94,s
nebula_export,after,1,600,max_rss,984023040,bytes
nebula_export,after,1,600,peak_footprint,1359103680,bytes
nebula_export,before,2,600,wall_time,58.79,s
nebula_export,before,2,600,user_cpu,152.94,s
nebula_export,before,2,600,system_cpu,9.50,s
nebula_export,before,2,600,max_rss,916766720,bytes
nebula_export,before,2,600,peak_footprint,1477527280,bytes
nebula_export,after,2,600,wall_time,37.16,s
nebula_export,after,2,600,user_cpu,153.20,s
nebula_export,after,2,600,system_cpu,8.76,s
nebula_export,after,2,600,max_rss,962658304,bytes
nebula_export,after,2,600,peak_footprint,1296402112,bytes
nebula_export,before,3,600,wall_time,49.39,s
nebula_export,before,3,600,user_cpu,142.82,s
nebula_export,before,3,600,system_cpu,8.12,s
nebula_export,before,3,600,max_rss,982925312,bytes
nebula_export,before,3,600,peak_footprint,1485915864,bytes
nebula_export,after,3,600,wall_time,34.37,s
nebula_export,after,3,600,user_cpu,148.71,s
nebula_export,after,3,600,system_cpu,8.33,s
nebula_export,after,3,600,max_rss,969539584,bytes
nebula_export,after,3,600,peak_footprint,1363298008,bytes
