workload,version,run,frames,metric,value,unit,commit
rings,review,1,120,cpu_raster_reference,9.80,ms/frame,b98a64254a2ee4a3ce00b5adcec359f679cca2ee
rings,review,1,120,cpu_outline,0.31,ms/frame,b98a64254a2ee4a3ce00b5adcec359f679cca2ee
rings,review,1,120,gpu_submit_drain,6.23,ms/frame,b98a64254a2ee4a3ce00b5adcec359f679cca2ee
rings,review,1,120,gpu_submit_drain_empty,3.58,ms/frame,b98a64254a2ee4a3ce00b5adcec359f679cca2ee
rings,review,1,120,gpu_render,7.03,ms/frame,b98a64254a2ee4a3ce00b5adcec359f679cca2ee
rings,review,1,120,gpu_render_empty,4.39,ms/frame,b98a64254a2ee4a3ce00b5adcec359f679cca2ee
dense_rects,review,1,120,gpu_submit_drain,6.65,ms/frame,b98a64254a2ee4a3ce00b5adcec359f679cca2ee
dense_rects,review,1,120,scene_build,1.20,ms/frame,b98a64254a2ee4a3ce00b5adcec359f679cca2ee
dense_paths,review,1,120,gpu_submit_drain,10.91,ms/frame,b98a64254a2ee4a3ce00b5adcec359f679cca2ee
dense_paths,review,1,120,scene_build,0.49,ms/frame,b98a64254a2ee4a3ce00b5adcec359f679cca2ee
rings,review,2,120,cpu_raster_reference,10.04,ms/frame,b98a64254a2ee4a3ce00b5adcec359f679cca2ee
rings,review,2,120,cpu_outline,0.38,ms/frame,b98a64254a2ee4a3ce00b5adcec359f679cca2ee
rings,review,2,120,gpu_submit_drain,4.67,ms/frame,b98a64254a2ee4a3ce00b5adcec359f679cca2ee
rings,review,2,120,gpu_submit_drain_empty,3.34,ms/frame,b98a64254a2ee4a3ce00b5adcec359f679cca2ee
rings,review,2,120,gpu_render,6.09,ms/frame,b98a64254a2ee4a3ce00b5adcec359f679cca2ee
rings,review,2,120,gpu_render_empty,4.20,ms/frame,b98a64254a2ee4a3ce00b5adcec359f679cca2ee
dense_rects,review,2,120,gpu_submit_drain,7.48,ms/frame,b98a64254a2ee4a3ce00b5adcec359f679cca2ee
dense_rects,review,2,120,scene_build,1.25,ms/frame,b98a64254a2ee4a3ce00b5adcec359f679cca2ee
dense_paths,review,2,120,gpu_submit_drain,10.74,ms/frame,b98a64254a2ee4a3ce00b5adcec359f679cca2ee
dense_paths,review,2,120,scene_build,0.51,ms/frame,b98a64254a2ee4a3ce00b5adcec359f679cca2ee
rings,review,3,120,cpu_raster_reference,10.26,ms/frame,b98a64254a2ee4a3ce00b5adcec359f679cca2ee
rings,review,3,120,cpu_outline,0.33,ms/frame,b98a64254a2ee4a3ce00b5adcec359f679cca2ee
rings,review,3,120,gpu_submit_drain,5.45,ms/frame,b98a64254a2ee4a3ce00b5adcec359f679cca2ee
rings,review,3,120,gpu_submit_drain_empty,3.08,ms/frame,b98a64254a2ee4a3ce00b5adcec359f679cca2ee
rings,review,3,120,gpu_render,7.85,ms/frame,b98a64254a2ee4a3ce00b5adcec359f679cca2ee
rings,review,3,120,gpu_render_empty,4.39,ms/frame,b98a64254a2ee4a3ce00b5adcec359f679cca2ee
dense_rects,review,3,120,gpu_submit_drain,6.01,ms/frame,b98a64254a2ee4a3ce00b5adcec359f679cca2ee
dense_rects,review,3,120,scene_build,1.12,ms/frame,b98a64254a2ee4a3ce00b5adcec359f679cca2ee
dense_paths,review,3,120,gpu_submit_drain,8.82,ms/frame,b98a64254a2ee4a3ce00b5adcec359f679cca2ee
dense_paths,review,3,120,scene_build,0.41,ms/frame,b98a64254a2ee4a3ce00b5adcec359f679cca2ee
