workload,version,run,frames,raster_ms,gpu_ms,export_seconds,checksum
rings,before,1,120,12.61,17.49,,615a28e82dc0ac35
rings,after,1,120,6.07,11.04,,615a28e82dc0ac35
rings,before,2,120,12.89,17.88,,615a28e82dc0ac35
rings,after,2,120,6.73,11.64,,615a28e82dc0ac35
rings,before,3,120,15.64,19.54,,615a28e82dc0ac35
rings,after,3,120,6.91,11.55,,615a28e82dc0ac35
nebula,before,1,600,,,25.0081283,FE712E1C3313EA97B394586677C7E477BE25A55A769ADBBF4DF28D48D60E3EC9
nebula,after,1,600,,,19.0998155,FE712E1C3313EA97B394586677C7E477BE25A55A769ADBBF4DF28D48D60E3EC9
nebula,before,2,600,,,25.8455426,FE712E1C3313EA97B394586677C7E477BE25A55A769ADBBF4DF28D48D60E3EC9
nebula,after,2,600,,,22.2975177,FE712E1C3313EA97B394586677C7E477BE25A55A769ADBBF4DF28D48D60E3EC9
nebula,before,3,600,,,26.5380288,FE712E1C3313EA97B394586677C7E477BE25A55A769ADBBF4DF28D48D60E3EC9
nebula,after,3,600,,,18.5504286,FE712E1C3313EA97B394586677C7E477BE25A55A769ADBBF4DF28D48D60E3EC9
