experiment,mode,run,frames,clips,spawn_ms,scan_ms,mix_ms,total_ms
batch-only-development,per-frame,0,960,1,393.812,1266.325,124.797,1784.935
batch-only-development,batch,0,960,1,76.200,662.489,115.725,854.414
batch-only-development,batch,1,960,1,80.546,781.929,132.902,995.378
batch-only-development,per-frame,1,960,1,82.143,1300.026,109.782,1491.952
batch-only-development,per-frame,2,960,1,76.846,1247.704,109.764,1434.315
batch-only-development,batch,2,960,1,94.462,650.449,113.815,858.727
batch-only-development,batch,3,960,1,79.686,660.559,112.520,852.766
batch-only-development,per-frame,3,960,1,77.961,1241.730,106.738,1426.429
batch-only-development,per-frame,4,960,1,74.788,1206.575,107.881,1389.245
batch-only-development,batch,4,960,1,73.402,628.234,107.309,808.947
audio-only-development,per-frame,0,960,1,121.659,1210.509,127.160,1459.329
audio-only-development,batch,0,960,1,80.708,593.767,109.334,783.810
audio-only-development,batch,1,960,1,74.768,573.945,108.019,756.733
audio-only-development,per-frame,1,960,1,77.400,1232.983,109.930,1420.314
audio-only-development,per-frame,2,960,1,73.975,1228.999,108.948,1411.922
audio-only-development,batch,2,960,1,75.180,571.800,109.189,756.170
audio-only-development,batch,3,960,1,74.957,580.580,108.751,764.289
audio-only-development,per-frame,3,960,1,77.227,1224.418,109.396,1411.043
audio-only-development,per-frame,4,960,1,73.489,1213.146,108.412,1395.048
audio-only-development,batch,4,960,1,73.371,574.100,108.397,755.869
final-production-reel,per-frame,0,960,1,122.136,791.619,119.842,1033.599
final-production-reel,batch,0,960,1,70.542,148.780,110.629,329.952
final-production-reel,batch,1,960,1,69.645,150.526,107.120,327.292
final-production-reel,per-frame,1,960,1,65.922,792.262,108.845,967.030
final-production-reel,per-frame,2,960,1,67.110,780.246,107.557,954.918
final-production-reel,batch,2,960,1,68.641,149.191,107.712,325.545
final-production-reel,batch,3,960,1,67.253,151.060,109.909,328.224
final-production-reel,per-frame,3,960,1,67.826,789.044,108.072,964.943
final-production-reel,per-frame,4,960,1,67.841,782.948,109.079,959.869
final-production-reel,batch,4,960,1,68.357,150.608,108.140,327.106
final-production-reel,batch,5,960,1,67.209,147.955,107.511,322.676
final-production-reel,per-frame,5,960,1,66.264,780.350,107.322,953.937
final-production-reel,per-frame,6,960,1,67.421,782.170,108.316,957.909
final-production-reel,batch,6,960,1,67.940,150.548,109.270,327.758
final-production-long,per-frame,0,18000,2,51.539,2305.082,136.441,2493.063
final-production-long,batch,0,18000,2,52.191,353.688,117.161,523.040
final-production-long,batch,1,18000,2,48.840,357.414,115.946,522.201
final-production-long,per-frame,1,18000,2,52.011,2444.905,111.908,2608.825
final-production-long,per-frame,2,18000,2,53.583,2330.601,126.761,2510.947
final-production-long,batch,2,18000,2,49.014,368.572,115.728,533.315
