workload,version,run,frames,metric,value,unit
nebula,base,1,120,gpu_submit_drain,42.4447,ms/frame
nebula,base,2,120,gpu_submit_drain,42.0460,ms/frame
nebula,base,3,120,gpu_submit_drain,64.7798,ms/frame
nebula,base,4,120,gpu_submit_drain,73.1278,ms/frame
nebula,base,5,120,gpu_submit_drain,53.0891,ms/frame
nebula,base,6,120,gpu_submit_drain,42.3574,ms/frame
nebula,base,7,120,gpu_submit_drain,49.4201,ms/frame
spectra,base,1,120,gpu_submit_drain,11.0928,ms/frame
spectra,base,2,120,gpu_submit_drain,18.1696,ms/frame
spectra,base,3,120,gpu_submit_drain,16.8228,ms/frame
spectra,base,4,120,gpu_submit_drain,16.9009,ms/frame
spectra,base,5,120,gpu_submit_drain,19.5458,ms/frame
spectra,base,6,120,gpu_submit_drain,27.1779,ms/frame
spectra,base,7,120,gpu_submit_drain,15.3039,ms/frame
rings,base,1,120,gpu_submit_drain,1.5301,ms/frame
rings,base,2,120,gpu_submit_drain,2.2364,ms/frame
rings,base,3,120,gpu_submit_drain,3.3919,ms/frame
rings,base,4,120,gpu_submit_drain,3.2169,ms/frame
rings,base,5,120,gpu_submit_drain,2.6817,ms/frame
rings,base,6,120,gpu_submit_drain,2.9897,ms/frame
rings,base,7,120,gpu_submit_drain,4.8731,ms/frame
blur,base,1,120,gpu_submit_drain,32.7775,ms/frame
blur,base,2,120,gpu_submit_drain,33.2509,ms/frame
blur,base,3,120,gpu_submit_drain,45.1285,ms/frame
blur,base,4,120,gpu_submit_drain,49.8901,ms/frame
blur,base,5,120,gpu_submit_drain,51.0216,ms/frame
blur,base,6,120,gpu_submit_drain,41.0106,ms/frame
blur,base,7,120,gpu_submit_drain,41.0730,ms/frame
ribbons,base,1,120,gpu_submit_drain,1.7973,ms/frame
ribbons,base,2,120,gpu_submit_drain,0.7208,ms/frame
ribbons,base,3,120,gpu_submit_drain,1.5815,ms/frame
ribbons,base,4,120,gpu_submit_drain,0.7798,ms/frame
ribbons,base,5,120,gpu_submit_drain,1.0767,ms/frame
ribbons,base,6,120,gpu_submit_drain,0.8363,ms/frame
ribbons,base,7,120,gpu_submit_drain,1.1481,ms/frame
text,base,1,120,gpu_submit_drain,2.1652,ms/frame
text,base,2,120,gpu_submit_drain,0.7480,ms/frame
text,base,3,120,gpu_submit_drain,1.6537,ms/frame
text,base,4,120,gpu_submit_drain,0.9085,ms/frame
text,base,5,120,gpu_submit_drain,1.2511,ms/frame
text,base,6,120,gpu_submit_drain,1.0136,ms/frame
text,base,7,120,gpu_submit_drain,1.0842,ms/frame
shapes,base,1,120,gpu_submit_drain,1.4524,ms/frame
shapes,base,2,120,gpu_submit_drain,1.2777,ms/frame
shapes,base,3,120,gpu_submit_drain,1.8320,ms/frame
shapes,base,4,120,gpu_submit_drain,1.4070,ms/frame
shapes,base,5,120,gpu_submit_drain,1.5522,ms/frame
shapes,base,6,120,gpu_submit_drain,1.4360,ms/frame
shapes,base,7,120,gpu_submit_drain,1.5574,ms/frame
images,base,1,120,gpu_submit_drain,5.5851,ms/frame
images,base,2,120,gpu_submit_drain,2.9036,ms/frame
images,base,3,120,gpu_submit_drain,6.9265,ms/frame
images,base,4,120,gpu_submit_drain,3.6055,ms/frame
images,base,5,120,gpu_submit_drain,5.5072,ms/frame
images,base,6,120,gpu_submit_drain,4.6858,ms/frame
images,base,7,120,gpu_submit_drain,4.8457,ms/frame
nebula,head,1,120,gpu_submit_drain,5.3587,ms/frame
nebula,head,2,120,gpu_submit_drain,6.0626,ms/frame
nebula,head,3,120,gpu_submit_drain,6.8287,ms/frame
nebula,head,4,120,gpu_submit_drain,7.1897,ms/frame
nebula,head,5,120,gpu_submit_drain,7.1276,ms/frame
nebula,head,6,120,gpu_submit_drain,7.2762,ms/frame
nebula,head,7,120,gpu_submit_drain,6.6589,ms/frame
spectra,head,1,120,gpu_submit_drain,3.2046,ms/frame
spectra,head,2,120,gpu_submit_drain,3.2953,ms/frame
spectra,head,3,120,gpu_submit_drain,3.9490,ms/frame
spectra,head,4,120,gpu_submit_drain,4.2338,ms/frame
spectra,head,5,120,gpu_submit_drain,5.1951,ms/frame
spectra,head,6,120,gpu_submit_drain,8.5076,ms/frame
spectra,head,7,120,gpu_submit_drain,6.1767,ms/frame
rings,head,1,120,gpu_submit_drain,1.9979,ms/frame
rings,head,2,120,gpu_submit_drain,2.1030,ms/frame
rings,head,3,120,gpu_submit_drain,3.4126,ms/frame
rings,head,4,120,gpu_submit_drain,3.4180,ms/frame
rings,head,5,120,gpu_submit_drain,3.1725,ms/frame
rings,head,6,120,gpu_submit_drain,3.9984,ms/frame
rings,head,7,120,gpu_submit_drain,3.1652,ms/frame
blur,head,1,120,gpu_submit_drain,5.4954,ms/frame
blur,head,2,120,gpu_submit_drain,10.3109,ms/frame
blur,head,3,120,gpu_submit_drain,6.0595,ms/frame
blur,head,4,120,gpu_submit_drain,8.4386,ms/frame
blur,head,5,120,gpu_submit_drain,6.8092,ms/frame
blur,head,6,120,gpu_submit_drain,5.2393,ms/frame
blur,head,7,120,gpu_submit_drain,6.3976,ms/frame
ribbons,head,1,120,gpu_submit_drain,1.0750,ms/frame
ribbons,head,2,120,gpu_submit_drain,1.8360,ms/frame
ribbons,head,3,120,gpu_submit_drain,2.5477,ms/frame
ribbons,head,4,120,gpu_submit_drain,2.3928,ms/frame
ribbons,head,5,120,gpu_submit_drain,10.0390,ms/frame
ribbons,head,6,120,gpu_submit_drain,2.0982,ms/frame
ribbons,head,7,120,gpu_submit_drain,1.8376,ms/frame
text,head,1,120,gpu_submit_drain,1.0696,ms/frame
text,head,2,120,gpu_submit_drain,1.9341,ms/frame
text,head,3,120,gpu_submit_drain,3.0204,ms/frame
text,head,4,120,gpu_submit_drain,1.9594,ms/frame
text,head,5,120,gpu_submit_drain,3.8597,ms/frame
text,head,6,120,gpu_submit_drain,1.7858,ms/frame
text,head,7,120,gpu_submit_drain,1.7325,ms/frame
shapes,head,1,120,gpu_submit_drain,1.2192,ms/frame
shapes,head,2,120,gpu_submit_drain,1.4311,ms/frame
shapes,head,3,120,gpu_submit_drain,1.5613,ms/frame
shapes,head,4,120,gpu_submit_drain,1.8443,ms/frame
shapes,head,5,120,gpu_submit_drain,1.6087,ms/frame
shapes,head,6,120,gpu_submit_drain,1.5055,ms/frame
shapes,head,7,120,gpu_submit_drain,1.4627,ms/frame
images,head,1,120,gpu_submit_drain,4.1006,ms/frame
images,head,2,120,gpu_submit_drain,6.5873,ms/frame
images,head,3,120,gpu_submit_drain,12.7640,ms/frame
images,head,4,120,gpu_submit_drain,5.4811,ms/frame
images,head,5,120,gpu_submit_drain,5.6157,ms/frame
images,head,6,120,gpu_submit_drain,5.8661,ms/frame
images,head,7,120,gpu_submit_drain,5.9617,ms/frame
